[
 {
	"id" : "2143",
	"name" : "Samantha Daryn",
	"address" : "2001 West Rd.",
	"city" : "Salisbury"
 },
 {
	"id" : "2144",
	"name" : "Lucille Suarez",
	"address" : "123 Main St",
	"city" : "Concord"
 },
 {
	"id" : "2145",
	"name" : "Amar Srivastava",
	"address" : "South Mill Pond Ave.",
	"city" : "Sherman Oaks"
 },
 {
	"id" : "2146",
	"name" : "Ted Amado",
	"address" : "44 Center St.",
	"city" : "Sydney"
 },
 {
	"id" : "2147",
	"name" : "Dan Misawa",
	"address" : "1204 Mountain Boulevard",
	"city" : "Canterbury"
 },
 {
	"id" : "2148",
	"name" : "Frank Adams",
	"address" : "133 Rock Boulevard",
	"city" : "Denver"
 },
 {
	"id" : "2149",
	"name" : "Steve Williams",
	"address" : "1 Circle Lane",
	"city" : "San Jose"
 },
 {
	"id" : "2150",
	"name" : "Ron Espinosa",
	"address" : "2425 Mountain Rd.",
	"city" : "Dublin"
 },
 {
	"id" : "2151",
	"name" : "Ed El-Amon",
	"address" : "26B Seiching Road",
	"city" : "Beijing"
 }
]
